10.0.88.205, 00:15:4d:58:cd:73
10.0.18.70, 00:15:4d:12:46:fd
10.0.195.112, 00:15:4d:c3:70:25
10.0.78.90, 00:15:4d:4e:5a:71
10.0.163.40, 00:15:4d:a3:28:8f
10.0.73.36, 00:15:4d:49:24:22
10.0.84.187, 00:15:4d:54:bb:24
10.0.91.5, 00:15:4d:5b:05:c4
10.0.94.163, 00:15:4d:5e:a3:8f
10.0.107.139, 00:15:4d:6b:8b:b3
10.0.62.8, 00:15:4d:3e:08:5b
10.0.167.5, 00:15:4d:a7:05:6a
10.0.95.82, 00:15:4d:5f:52:15
10.0.103.166, 00:15:4d:67:a6:1b
10.0.130.78, 00:15:4d:82:4e:d3
10.0.160.22, 00:15:4d:a0:16:15
10.0.26.39, 00:15:4d:1a:27:ba
10.0.28.178, 00:15:4d:1c:b2:a7
10.0.61.219, 00:15:4d:3d:db:e1
10.0.136.80, 00:15:4d:88:50:7b
10.0.143.131, 00:15:4d:8f:83:43
10.0.59.23, 00:15:4d:3b:17:ce
10.0.33.220, 00:15:4d:21:dc:45
10.0.115.238, 00:15:4d:73:ee:78
10.0.94.5, 00:15:4d:5e:05:7d
10.0.169.254, 00:15:4d:a9:fe:fa
10.0.67.201, 00:15:4d:43:c9:a2
10.0.179.40, 00:15:4d:b3:28:64
10.0.178.157, 00:15:4d:b2:9d:bd
10.0.234.135, 00:15:4d:ea:87:f6
10.0.215.81, 00:15:4d:d7:51:a3
10.0.204.92, 00:15:4d:cc:5c:6a
10.0.2.126, 00:15:4d:02:7e:0c
10.0.233.124, 00:15:4d:e9:7c:fe
10.0.249.99, 00:15:4d:f9:63:14
10.0.74.62, 00:15:4d:4a:3e:e6
10.0.240.222, 00:15:4d:f0:de:c9
10.0.215.184, 00:15:4d:d7:b8:59
10.0.126.211, 00:15:4d:7e:d3:f9
10.0.75.224, 00:15:4d:4b:e0:83
10.0.63.180, 00:15:4d:3f:b4:33
10.0.146.203, 00:15:4d:92:cb:70
10.0.49.18, 00:15:4d:31:12:b6
10.0.103.246, 00:15:4d:67:f6:73
10.0.213.88, 00:15:4d:d5:58:5f
10.0.237.180, 00:15:4d:ed:b4:c0
10.0.5.222, 00:15:4d:05:de:6e
10.0.200.90, 00:15:4d:c8:5a:c3
10.0.98.151, 00:15:4d:62:97:bd
10.0.24.54, 00:15:4d:18:36:45
10.0.26.187, 00:15:4d:1a:bb:a2
10.0.125.254, 00:15:4d:7d:fe:92
10.0.197.161, 00:15:4d:c5:a1:b9
10.0.140.219, 00:15:4d:8c:db:aa
10.0.150.216, 00:15:4d:96:d8:f2
10.0.244.207, 00:15:4d:f4:cf:c6
10.0.111.29, 00:15:4d:6f:1d:0c
10.0.118.29, 00:15:4d:76:1d:e1
10.0.166.72, 00:15:4d:a6:48:9e
10.0.186.225, 00:15:4d:ba:e1:46
10.0.165.164, 00:15:4d:a5:a4:59
10.0.155.148, 00:15:4d:9b:94:ab
10.0.27.97, 00:15:4d:1b:61:8e
10.0.94.250, 00:15:4d:5e:fa:53
10.0.251.119, 00:15:4d:fb:77:83
10.0.53.117, 00:15:4d:35:75:1b
10.0.50.29, 00:15:4d:32:1d:df
10.0.221.217, 00:15:4d:dd:d9:48
10.0.43.49, 00:15:4d:2b:31:ea
10.0.46.83, 00:15:4d:2e:53:44
10.0.84.51, 00:15:4d:54:33:c9
10.0.79.91, 00:15:4d:4f:5b:03
10.0.50.159, 00:15:4d:32:9f:76
10.0.108.221, 00:15:4d:6c:dd:54
10.0.113.222, 00:15:4d:71:de:39
10.0.9.3, 00:15:4d:09:03:6b
10.0.39.182, 00:15:4d:27:b6:f1
10.0.240.28, 00:15:4d:f0:1c:56
10.0.234.128, 00:15:4d:ea:80:e7
10.0.188.84, 00:15:4d:bc:54:34
10.0.107.88, 00:15:4d:6b:58:28
10.0.124.246, 00:15:4d:7c:f6:20
10.0.12.20, 00:15:4d:0c:14:4e
10.0.224.183, 00:15:4d:e0:b7:e4
10.0.34.66, 00:15:4d:22:42:97
10.0.67.128, 00:15:4d:43:80:1e
10.0.63.198, 00:15:4d:3f:c6:84
10.0.11.128, 00:15:4d:0b:80:0b
10.0.241.166, 00:15:4d:f1:a6:f5
10.0.250.72, 00:15:4d:fa:48:73
10.0.22.29, 00:15:4d:16:1d:bc
10.0.181.193, 00:15:4d:b5:c1:87
10.0.92.78, 00:15:4d:5c:4e:ee
10.0.95.136, 00:15:4d:5f:88:a9
10.0.90.99, 00:15:4d:5a:63:f8
10.0.148.153, 00:15:4d:94:99:c9
10.0.93.121, 00:15:4d:5d:79:0f
10.0.163.157, 00:15:4d:a3:9d:50
10.0.95.55, 00:15:4d:5f:37:1f
10.0.32.37, 00:15:4d:20:25:1f
10.0.10.129, 00:15:4d:0a:81:6b
10.0.125.0, 00:15:4d:7d:00:64
10.0.90.54, 00:15:4d:5a:36:2b
10.0.90.92, 00:15:4d:5a:5c:65
10.0.186.52, 00:15:4d:ba:34:12
10.0.226.220, 00:15:4d:e2:dc:37
10.0.11.231, 00:15:4d:0b:e7:73
10.0.158.164, 00:15:4d:9e:a4:23
10.0.56.200, 00:15:4d:38:c8:90
10.0.201.210, 00:15:4d:c9:d2:e0
10.0.107.116, 00:15:4d:6b:74:3c
10.0.117.250, 00:15:4d:75:fa:30
10.0.57.172, 00:15:4d:39:ac:b7
10.0.222.139, 00:15:4d:de:8b:19
10.0.13.222, 00:15:4d:0d:de:06
10.0.179.42, 00:15:4d:b3:2a:66
10.0.223.214, 00:15:4d:df:d6:9c
10.0.238.67, 00:15:4d:ee:43:df
10.0.234.248, 00:15:4d:ea:f8:48
10.0.106.113, 00:15:4d:6a:71:a6
10.0.2.228, 00:15:4d:02:e4:81
10.0.48.179, 00:15:4d:30:b3:bb
10.0.179.135, 00:15:4d:b3:87:64
10.0.249.63, 00:15:4d:f9:3f:8b
10.0.27.194, 00:15:4d:1b:c2:14
10.0.68.55, 00:15:4d:44:37:d0
10.0.20.7, 00:15:4d:14:07:8c
10.0.134.42, 00:15:4d:86:2a:97
